<lesson><title>Instructions</title><detail></detail><directory>Instructions</directory><directory-urlenc>Instructions</directory-urlenc><step position="1"><title>Dashboard</title><detail>That's the main dashboard of Turbo Bot Builder. You can reach it in the future &lt;b&gt;www.MyDomain.com&lt;/b&gt;/&lt;b&gt;directory &lt;/b&gt;whereas&lt;br&gt;
&lt;br&gt;
&lt;b&gt;www.MyDomain.com&lt;/b&gt; should be your domain name&lt;br&gt;
&lt;b&gt;directory&lt;/b&gt; should be the directory where you uploaded the files&lt;br&gt;
&lt;br&gt;
Click on the button to create your bot.
</detail><image>1_Dashboard.png</image></step><step position="2"><title>Create a bot</title><detail>Type in a name (1) for your bot. Do not proceed for now since you will need to create a Facebook application first.
</detail><image>2_Create_a_bot.png</image></step><step position="3"><title>Login to your developer account</title><detail>Visit &lt;a href="https://developers.facebook.com/"&gt;https://developers.facebook.com&lt;/a&gt; to login to your Facebook developer account, or create your account first and then login.
</detail><image>3_Login_to_your_develo.png</image></step><step position="4"><title>Add a New App</title><detail>Click on the green button you will find on the top right corner in your dashboard to create a new application.
</detail><image>4_Add_a_New_App.png</image></step><step position="5"><title>Select WWW</title><detail>From the next screen click on the "Website" option
</detail><image>5_Select_WWW.png</image></step><step position="6"><title>Skip and create App ID</title><detail>If you created an application in the past you will be asked to open an existing app; skip this screen by clicking on the "Skip and Create App ID" button.
</detail><image>6_Skip_and_create_App_.png</image></step><step position="7"><title>Create a New App ID</title><detail>Type in the name of your bot (1) - your email address is added automatically in the form (2) - click on the drop down menu to select a category (3) and click on the button (4) to create your app ID.
</detail><image>7_Create_a_New_App_ID.png</image></step><step position="8"><title>Pass the Security Check</title><detail>Type in words you will see (1) in the text box (2) and click on the button (3)
</detail><image>8_Pass_the_Security_Ch.png</image></step><step position="9"><title>Click on Settings</title><detail>Congratulations! You just create your bot application!&lt;br&gt;
&lt;br&gt;
Now it's time to add the URL of the bot's directory.&amp;nbsp;&lt;br&gt;
&lt;br&gt;
Click on Settings (1) and then click on the "Add Platform" button (2)
</detail><image>9_Click_on_Settings.png</image></step><step position="10"><title>Select platform</title><detail>Click on the "Website" icon
</detail><image>10_Select_platform.png</image></step><step position="11"><title>Type in the URL of your bot</title><detail>Type in the URL of the directory where you uploaded the bot's files on your server (1) and click on the button (2) to save the changes.&lt;br&gt;
&lt;br&gt;
REMEMBER TO INCLUDE THE s IN THE http as in the example.
</detail><image>11_Type_in_the_URL_of_y.png</image></step><step position="12"><title>Have you created your Facebook page?</title><detail>It's taken as granted that you have already created a Page in your Facebook account, where you will use your bot with. If you have not done it so far, go to your Facebook account and click on the "Create Page" link you will find in the left menu. Proceed with all steps there until your page is created and that page will be added automatically in your developer account's options.&lt;br&gt;
&lt;br&gt;
Do not proceed with the rest of the steps unless you have created your Facebook page.
</detail><image>12_Have_you_created_you.png</image></step><step position="13"><title>Add a product</title><detail>Great job!&lt;br&gt;
&lt;br&gt;
Back to your bot's app in your Facebook developer account.&lt;br&gt;
&lt;br&gt;
Now it's time to "Add Product" - that is, associate the application with Messenger. Click on the "Add Product" link (1) and then on the Messenger's "Get Started" (2) button.
</detail><image>13_Add_a_product.png</image></step><step position="14"><title>Proceed with Messenger Platform</title><detail>Click on the "Get Started" from the next screen to proceed with.
</detail><image>14_Proceed_with_Messeng.png</image></step><step position="15"><title>Select a page</title><detail>Scroll down where it says "Token Generation" and click the dropdown menu (2) to select the Facebook Page you want to use your bot with.
</detail><image>15_Select_a_page.png</image></step><step position="16"><title>Connect with your Page</title><detail>A window will open asking you to allow your app to access your Facebook Page. Click on the button to proceed.
</detail><image>16_Connect_with_your_Pa.png</image></step><step position="17"><title>Proceed</title><detail>Click on the OK button to proceed
</detail><image>17_Proceed.png</image></step><step position="18"><title>Copy the Page Access Token</title><detail>Once you permit your application to connect with the Facebook Page of yours, a "token" will be displayed in the corresponding field as it's displayed in the example. Click on that area and the token will be copied to you clipboard (you will get a alert acknowledging the copy of the code once you click on that area.)
</detail><image>18_Copy_the_Page_Access.png</image></step><step position="19"><title></title><detail></detail><image>19_(null).png</image></step><step position="20"><title>Paste the Page Access Token</title><detail>Back to your Turbo Bot Builder where you should have inserted the name of your bot (1) when creating it.&lt;br&gt;
&lt;br&gt;
Paste the Page Access Token (2) as displayed in the example.&lt;br&gt;
&lt;br&gt;
&lt;b&gt;DO NOT CLICK on the "Create" button yet.&lt;/b&gt;&lt;br&gt;
&lt;br&gt;
Copy the "Verify Token" (3) code and write it down - you will need it with the next steps.&lt;br&gt;
&lt;br&gt;
Once you wrote down the "Verify Token" code, click on the "Create" (4) button.
</detail><image>20_Paste_the_Page_Acces.png</image></step><step position="21"><title>Copy the "Callback URL"</title><detail>You successfully created your bot!&lt;br&gt;
&lt;br&gt;
Now copy the "Callback"URL and let's go back to the Facebook app's screen.
</detail><image>21_Copy_the_"Callback_U.png</image></step><step position="22"><title>Click on the "Messenger" link</title><detail>Go back to your Facebook app and click on the Messenger link (1)&amp;nbsp;
</detail><image>22_Click_on_the_"Messen.png</image></step><step position="23"><title>Click on the "Setup Webhooks" button</title><detail>Find the "Webhooks" (1) section and click on the "Setup Webhooks" (2) button.
</detail><image>23_Click_on_the_"Setup_.png</image></step><step position="24"><title></title><detail>- Insert the URL of the directory where you uploaded the bot's files (REMEMBER TO USE THE https://) (1)&amp;nbsp;&lt;br&gt;
- Paste the "Verify Token" code (2) as you wrote it down when creating the bot in Turbo Bot Builder&lt;br&gt;
- Check all the boxes in the "Subscription Fields" area (3)&amp;nbsp;&lt;br&gt;
- Click on the "Verify and Save" button (4)
</detail><image>24_(null).png</image></step><step position="25"><title>Select a page in Webhooks</title><detail>OK here is the final step with Webhooks.&lt;br&gt;
&lt;br&gt;
Once you set it up, you will see an option to "Select a Page"&lt;br&gt;
&lt;br&gt;
You need to select the same Facebook page you selected in the previous steps. Click on that dropdown menu and select your Facebook Page you will use the bot with.
</detail><image>25_Select_a_page_in_Web.png</image></step><step position="26"><title>Click on the "Subscribe" button</title><detail>Once you selected your Facebook Page, click on the "Subscribe" button
</detail><image>26_Click_on_the_"Subscr.png</image></step><step position="27"><title>Done!</title><detail>That&amp;#x2019;s it. You're now ready to configure your bot in the Turbo Bot Builder!
</detail><image>27_Done!.png</image></step><step position="28"><title>Click on the bot's record </title><detail></detail><image>28_Click_on_the_bot's_r.png</image></step><step position="29"><title>Your Options</title><detail>You will see the options you have:&lt;br&gt;
&lt;br&gt;
- Edit messages, where you can add the pairs of Questions/Answers&lt;br&gt;
- Edit Menu, where you can add static links in the bot's menu&lt;br&gt;
- Configuration, and&amp;nbsp;&lt;br&gt;
- Edit bot, that hold the data you used when connecting your bot with the Facebook application.&lt;br&gt;
&lt;br&gt;
Click on the "Edit Messages" button.
</detail><image>29_Your_Options.png</image></step><step position="30"><title>Edit messages' sreen</title><detail>Click on the start adding your pairs of Questions &amp;amp; Answers
</detail><image>30_Edit_messages'_sreen.png</image></step><step position="31"><title>Add messages</title><detail></detail><image>31_Add_messages.png</image></step><step position="32"><title>Test the bot</title><detail>You can visit your Facebook Page now and click on the "Message" button to test your bot. Use one of the loaded questions and see it responding automatically.&amp;nbsp;
</detail><image>32_Test_the_bot.png</image></step><step position="33"><title>About the "Menu"</title><detail>Once there, notice the icon as displayed in the example. This is where the "Menu" will be displayed and where you can have your links and direct your visitors where you want.
</detail><image>33_About_the_"Menu".png</image></step><step position="34"><title>Adding links to Menu</title><detail>To add links to your bot's Menu click on the "Edit Menu" option of your bot.
</detail><image>34_Adding_links_to_Menu.png</image></step><step position="35"><title>Click on the "Add Menu link" button</title><detail></detail><image>35_Click_on_the_"Add_Me.png</image></step><step position="36"><title>Add a link</title><detail>Fill in the form: add a link title (1) add the URL (2), then click on the button (3) to save the new link.
</detail><image>36_Add_a_link.png</image></step><step position="37"><title>Edit/Trash the link</title><detail>You can always edit the link by clicking on the pen icon (1) or trash it (2) or create a new one (3)
</detail><image>37_Edit_Trash_the_link.png</image></step><step position="38"><title>Edit your admin codes</title><detail>Lastly, you can click on the "Admin's Profile" link in the Turbo Bot Builder's navigation menu to change your email address and the password for security reasons.
</detail><image>38_Edit_your_admin_code.png</image></step></lesson>